,activity_type,date,title,distance,calories,time,avg_hr,max_hr,avg_cadence,max_cadence,avg_pace,best_pace,total_ascent,total_descent,avg_stride,moving_time,elapsed_time,min_elevation,max_elevation,temp,humidity,wind,year,month,elev_diff,pace_str,pace_min,pace_sec,avg_pace_int
0,Running,2022-09-21,Lenexa Running,3.0,274,00:26:48,161,173,167,172,8:55,8:24,81,102,1.08,00:26:44,00:27:26,951,996,75,69,21,2022,09,45,8:55,8,55,8.916666666666666
1,Running,2022-09-12,Lenexa Running,3.01,281,00:26:21,166,179,168,174,8:46,8:16,60,65,1.09,00:26:19,00:26:25,952,996,82,30,12,2022,09,44,8:46,8,46,8.766666666666667
2,Running,2022-09-09,Lenexa Running,4.0,417,00:39:06,166,181,156,179,9:46,8:17,149,144,1.06,00:39:06,00:39:06,952,1027,88,36,7,2022,09,75,9:46,9,46,9.766666666666667
3,Running,2022-09-06,Lenexa Running,3.0,280,00:26:40,163,177,166,172,8:53,8:13,50,61,1.09,00:26:40,00:26:40,952,997,82,55,7,2022,09,45,8:53,8,53,8.883333333333333
4,Running,2022-08-31,Lenexa Running,3.0,282,00:26:10,167,181,168,172,8:43,8:11,50,54,1.1,00:26:04,00:26:38,952,996,84,40,5,2022,08,44,8:43,8,43,8.716666666666667
5,Running,2022-08-29,Lenexa Running,3.01,266,00:26:09,161,177,168,172,8:42,8:23,61,81,1.1,00:26:08,00:26:09,951,996,72,78,18,2022,08,45,8:42,8,42,8.7
6,Running,2022-08-24,Lenexa Running,3.0,277,00:26:41,163,179,167,172,8:53,8:27,54,73,1.09,00:26:39,00:26:48,952,996,88,43,5,2022,08,44,8:53,8,53,8.883333333333333
7,Running,2022-08-22,Lenexa Running,3.0,275,00:27:44,159,176,160,174,9:15,8:16,71,93,1.09,00:27:41,00:27:51,952,997,82,48,5,2022,08,45,9:15,9,15,9.25
8,Running,2022-08-19,Lenexa Running,4.0,362,00:34:33,166,181,168,172,8:38,7:50,128,122,1.11,00:34:30,00:34:37,952,1027,79,65,12,2022,08,75,8:38,8,38,8.633333333333333
9,Running,2022-08-17,Lenexa Running,4.0,367,00:35:36,163,183,167,174,8:54,8:17,94,100,1.08,00:35:27,00:36:04,952,1017,81,51,6,2022,08,65,8:54,8,54,8.9
10,Running,2022-08-15,Lenexa Running,3.0,288,00:26:42,168,183,168,172,8:54,8:30,69,93,1.07,00:26:41,00:26:42,952,997,90,46,12,2022,08,45,8:54,8,54,8.9
11,Running,2022-08-10,Lenexa Running,3.0,285,00:27:13,165,183,165,173,9:04,8:19,60,65,1.08,00:27:12,00:27:20,952,996,90,34,9,2022,08,44,9:04,9,4,9.066666666666666
12,Running,2022-08-09,Lenexa Running,3.0,286,00:27:08,164,182,166,172,9:03,8:29,48,63,1.07,00:27:06,00:27:47,953,996,88,43,5,2022,08,43,9:03,9,3,9.05
13,Running,2022-07-27,Lenexa Running,3.0,290,00:27:21,165,183,164,174,9:07,8:17,51,71,1.08,00:27:17,00:27:35,952,996,84,62,0,2022,07,44,9:07,9,7,9.116666666666667
14,Running,2022-07-25,Lenexa Running,4.0,375,00:36:04,163,181,165,174,9:01,8:17,141,138,1.08,00:35:59,00:36:11,952,1016,75,74,8,2022,07,64,9:01,9,1,9.016666666666667
15,Running,2022-07-18,Lenexa Running,3.0,287,00:26:21,167,184,169,173,8:46,8:20,59,80,1.08,00:26:20,00:26:21,951,997,93,36,5,2022,07,46,8:46,8,46,8.766666666666667
16,Running,2022-07-13,Lenexa Running,3.0,302,00:27:56,165,184,161,173,9:18,8:04,50,58,1.08,00:27:55,00:28:03,952,997,93,28,6,2022,07,45,9:18,9,18,9.3
17,Running,2022-07-11,Lenexa Running,3.0,306,00:28:32,164,184,159,174,9:30,8:02,49,70,1.06,00:28:30,00:28:37,952,996,88,63,15,2022,07,44,9:30,9,30,9.5
18,Running,2022-07-01,Lenexa Running,3.0,283,00:26:08,164,182,169,173,8:43,8:14,59,84,1.09,00:26:08,00:26:08,952,996,88,43,7,2022,07,44,8:43,8,43,8.716666666666667
19,Running,2022-06-29,Lenexa Running,3.0,306,00:27:56,166,183,163,174,9:18,8:11,72,95,1.06,00:27:48,00:28:08,952,997,91,34,13,2022,06,45,9:18,9,18,9.3
20,Running,2022-06-21,Lenexa Running,3.0,295,00:27:03,167,185,164,175,9:01,8:00,127,113,1.09,00:27:01,00:27:07,947,1001,99,40,15,2022,06,54,9:01,9,1,9.016666666666667
21,Running,2022-06-17,Lenexa Running,3.0,304,00:27:44,166,182,162,175,9:15,8:11,51,56,1.07,00:27:41,00:27:52,952,996,95,44,9,2022,06,44,9:15,9,15,9.25
22,Running,2022-06-15,Lenexa Running,4.0,412,00:39:46,161,181,155,176,9:56,7:39,116,111,1.04,00:39:36,00:42:24,952,1020,90,59,18,2022,06,68,9:56,9,56,9.933333333333334
23,Running,2022-06-10,Lenexa Running,3.0,283,00:27:07,162,179,164,174,9:02,8:06,72,93,1.09,00:27:07,00:27:07,951,997,82,58,7,2022,06,46,9:02,9,2,9.033333333333333
24,Running,2022-06-08,Lenexa Running,3.0,283,00:26:01,167,183,168,174,8:40,7:58,56,62,1.11,00:25:50,00:26:27,952,996,79,48,15,2022,06,44,8:40,8,40,8.666666666666666
25,Running,2022-06-06,Lenexa Running,3.0,295,00:26:28,169,185,168,174,8:49,8:19,55,59,1.09,00:26:12,00:27:09,952,996,82,58,9,2022,06,44,8:49,8,49,8.816666666666666
26,Running,2022-05-30,Lenexa Running,5.0,516,00:49:36,163,183,154,176,9:55,7:51,129,125,1.05,00:49:34,00:49:42,948,1043,82,58,20,2022,05,95,9:55,9,55,9.916666666666666
27,Running,2022-05-25,Lenexa Running,4.0,369,00:34:45,164,180,169,176,8:41,7:56,107,103,1.1,00:34:37,00:36:01,952,1016,64,88,8,2022,05,64,8:41,8,41,8.683333333333334
28,Running,2022-05-20,Lenexa Running,4.0,371,00:35:07,164,177,168,174,8:46,8:10,81,86,1.09,00:35:03,00:35:20,952,1027,70,60,16,2022,05,75,8:46,8,46,8.766666666666667
29,Running,2022-05-16,Lenexa Running,4.0,381,00:35:33,165,180,166,174,8:53,8:02,61,66,1.09,00:35:23,00:35:44,952,1015,79,39,6,2022,05,63,8:53,8,53,8.883333333333333
30,Running,2022-05-13,Lenexa Running,3.0,279,00:26:49,162,181,164,174,8:56,4:58,62,66,1.1,00:26:31,00:28:05,951,996,79,61,10,2022,05,45,8:56,8,56,8.933333333333334
31,Running,2022-05-09,Lenexa Running,3.0,310,00:29:08,165,180,157,175,9:43,7:58,55,60,1.06,00:29:07,00:29:08,951,996,88,55,21,2022,05,45,9:43,9,43,9.716666666666667
32,Running,2022-05-06,Lenexa Running,4.0,381,00:35:25,166,179,168,174,8:51,0:53,110,117,1.08,00:35:21,00:35:41,952,1027,63,68,6,2022,05,75,8:51,8,51,8.85
33,Running,2022-04-27,Lenexa Running,3.0,274,00:26:26,162,177,164,176,8:48,8:04,54,66,1.12,00:26:26,00:26:26,951,996,73,36,17,2022,04,45,8:48,8,48,8.8
34,Running,2022-04-25,Lenexa Running,4.02,361,00:34:52,162,176,170,176,8:40,8:11,129,124,1.1,00:34:51,00:34:52,952,1015,59,39,13,2022,04,63,8:40,8,40,8.666666666666666
35,Running,2022-04-22,Lenexa Running,6.0,589,00:55:01,166,182,163,174,9:10,8:04,185,187,1.07,00:54:53,01:00:43,951,1043,79,54,23,2022,04,92,9:10,9,10,9.166666666666666
36,Running,2022-04-19,Lenexa Running,4.01,375,00:36:22,161,179,164,177,9:05,8:03,86,91,1.08,00:36:19,00:36:28,952,1015,55,28,18,2022,04,63,9:05,9,5,9.083333333333334
37,Running,2022-04-11,Lenexa Running,4.0,376,00:35:45,164,176,166,174,8:56,8:07,100,100,1.08,00:35:41,00:35:53,952,1027,66,37,9,2022,04,75,8:56,8,56,8.933333333333334
38,Running,2022-04-01,Lenexa Running,6.0,569,00:54:11,164,176,168,174,9:02,8:13,189,195,1.06,00:54:03,00:54:43,951,1043,61,36,13,2022,04,92,9:02,9,2,9.033333333333333
39,Running,2022-03-28,Lenexa Running,4.0,380,00:36:22,162,178,164,174,9:05,8:02,67,73,1.08,00:36:22,00:36:22,952,1015,55,33,16,2022,03,63,9:05,9,5,9.083333333333334
40,Running,2022-03-25,Lenexa Running,6.0,576,00:54:35,164,177,164,235,9:06,7:49,183,175,1.08,00:54:28,00:56:23,951,1043,54,32,20,2022,03,92,9:06,9,6,9.1
41,Running,2022-03-16,Lenexa Running,3.0,279,00:25:50,164,179,168,176,8:36,7:42,75,98,1.12,00:25:49,00:25:50,952,996,73,33,16,2022,03,44,8:36,8,36,8.6
42,Running,2022-03-14,Lenexa Running,3.0,260,00:25:24,158,173,168,176,8:28,7:37,56,64,1.13,00:25:11,00:26:28,952,996,55,62,8,2022,03,44,8:28,8,28,8.466666666666667
43,Running,2022-03-09,Lenexa Running,3.0,254,00:25:07,159,173,169,176,8:22,7:46,45,47,1.14,00:25:07,00:25:07,952,996,43,39,7,2022,03,44,8:22,8,22,8.366666666666667
44,Running,2022-03-02,Lenexa Running,3.0,273,00:25:43,164,180,169,174,8:34,8:10,44,49,1.11,00:25:42,00:25:52,952,996,81,16,12,2022,03,44,8:34,8,34,8.566666666666666
45,Running,2022-02-28,Lenexa Running,4.0,365,00:35:28,161,180,166,177,8:52,8:09,89,94,1.1,00:35:28,00:35:28,952,1040,63,20,6,2022,02,88,8:52,8,52,8.866666666666667
46,Running,2022-02-21,Lenexa Running,3.0,269,00:25:26,164,179,170,176,8:29,8:02,71,94,1.12,00:25:26,00:25:26,952,997,63,59,7,2022,02,45,8:29,8,29,8.483333333333333
47,Running,2022-02-14,Lenexa Running,3.01,266,00:24:39,166,181,171,177,8:12,7:41,89,84,1.15,00:24:35,00:24:43,952,996,50,25,5,2022,02,44,8:12,8,12,8.2
48,Running,2022-02-09,Lenexa Running,4.0,377,00:34:47,166,181,167,177,8:41,7:40,117,112,1.11,00:34:46,00:34:47,952,1016,54,26,17,2022,02,64,8:41,8,41,8.683333333333334
49,Running,2022-01-31,Lenexa Running,4.01,363,00:36:06,157,180,162,214,9:01,7:50,139,164,1.1,00:36:01,00:36:54,951,1027,64,18,16,2022,01,76,9:01,9,1,9.016666666666667
50,Running,2022-01-25,Lenexa Running,3.01,253,00:25:35,156,178,169,177,8:30,8:02,102,97,1.12,00:25:32,00:26:03,952,997,21,32,12,2022,01,45,8:30,8,30,8.5
51,Running,2022-01-12,Lenexa Running,3.0,276,00:26:18,164,179,165,221,8:46,7:45,72,87,1.11,00:26:17,00:26:18,951,997,52,30,9,2022,01,46,8:46,8,46,8.766666666666667
52,Running,2022-01-03,Lenexa Running,3.01,300,00:29:30,160,174,167,176,9:49,8:26,52,67,0.98,00:29:25,00:29:51,952,996,43,49,9,2022,01,44,9:49,9,49,9.816666666666666
53,Running,2021-12-31,Lenexa Running,3.01,270,00:25:20,164,180,169,175,8:26,8:02,77,70,1.13,00:25:19,00:25:20,952,995,52,50,14,2021,12,43,8:26,8,26,8.433333333333334
54,Running,2021-12-28,Lenexa Running,4.0,377,00:34:53,165,181,166,210,8:43,7:36,82,88,1.11,00:34:39,00:37:20,952,1004,55,38,14,2021,12,52,8:43,8,43,8.716666666666667
55,Running,2021-12-14,Lenexa Running,3.0,286,00:25:19,168,182,170,176,8:26,7:51,60,84,1.12,00:25:17,00:25:25,951,1003,63,68,14,2021,12,52,8:26,8,26,8.433333333333334
56,Running,2021-12-10,Lenexa Running,3.7,331,00:30:05,165,183,165,176,8:08,6:16,132,131,1.2,00:30:04,00:30:05,929,996,66,56,20,2021,12,67,8:08,8,8,8.133333333333333
57,Running,2021-11-17,Shawnee Running,3.0,280,00:25:45,163,180,170,177,8:35,7:37,190,225,1.1,00:25:38,00:25:53,867,1018,54,22,15,2021,11,151,8:35,8,35,8.583333333333334
58,Running,2021-11-16,Shawnee Running,3.0,270,00:25:32,158,179,170,179,8:31,7:23,88,124,1.11,00:25:15,00:27:20,780,905,66,68,10,2021,11,125,8:31,8,31,8.516666666666667
59,Running,2021-11-09,Shawnee Running,4.01,371,00:34:33,161,178,168,216,8:37,7:01,95,131,1.11,00:34:11,00:37:16,773,905,64,56,7,2021,11,132,8:37,8,37,8.616666666666667
60,Running,2021-11-08,Running,3.0,286,00:25:21,166,184,167,187,8:27,7:02,97,124,1.14,00:25:01,00:27:28,780,905,70,46,3,2021,11,125,8:27,8,27,8.45
61,Running,2021-11-02,Shawnee Running,5.0,464,00:42:25,162,182,171,206,8:29,7:01,110,150,1.11,00:42:14,00:46:42,763,905,46,46,3,2021,11,142,8:29,8,29,8.483333333333333
62,Running,2021-10-25,Shawnee Running,5.0,456,00:41:51,162,179,171,185,8:22,7:07,114,139,1.12,00:41:27,00:45:33,762,902,50,76,0,2021,10,140,8:22,8,22,8.366666666666667
63,Running,2021-10-22,Shawnee Running,3.0,275,00:25:10,162,181,170,183,8:23,7:06,96,124,1.13,00:24:54,00:28:47,780,905,66,46,5,2021,10,125,8:23,8,23,8.383333333333333
64,Running,2021-10-20,Shawnee Running,4.01,367,00:34:19,159,179,169,183,8:34,7:26,91,117,1.11,00:34:00,00:38:41,774,903,68,43,12,2021,10,129,8:34,8,34,8.566666666666666
65,Running,2021-10-18,Shawnee Running,5.0,455,00:42:46,159,177,169,185,8:33,7:01,108,130,1.11,00:42:22,00:48:15,764,902,72,38,12,2021,10,138,8:33,8,33,8.55
66,Running,2021-10-12,Shawnee Running,4.0,367,00:34:50,158,175,167,183,8:42,7:25,98,140,1.11,00:34:35,00:37:28,773,905,73,41,7,2021,10,132,8:42,8,42,8.7
67,Running,2021-10-11,Shawnee Running,3.0,271,00:25:30,160,177,169,183,8:30,7:14,94,120,1.12,00:25:13,00:28:48,780,904,66,49,9,2021,10,124,8:30,8,30,8.5
68,Running,2021-10-08,Shawnee Running,4.01,378,00:35:49,160,180,163,181,8:56,7:20,86,117,1.1,00:35:14,00:40:11,773,904,82,48,10,2021,10,131,8:56,8,56,8.933333333333334
69,Running,2021-10-06,Shawnee Running,5.0,464,00:43:43,160,181,168,183,8:44,7:34,104,132,1.1,00:43:24,00:50:46,763,905,73,61,8,2021,10,142,8:44,8,44,8.733333333333333
70,Running,2021-10-05,Shawnee Running,4.0,364,00:37:25,149,180,157,187,9:21,7:04,120,138,1.1,00:37:02,00:43:42,773,894,72,65,8,2021,10,121,9:21,9,21,9.35
71,Running,2021-09-29,Shawnee Running,3.0,279,00:26:02,161,181,168,185,8:40,7:02,94,122,1.1,00:25:49,00:28:46,781,906,79,70,7,2021,09,125,8:40,8,40,8.666666666666666
72,Running,2021-09-27,Shawnee Running,3.0,295,00:27:58,161,181,158,223,9:19,7:12,93,121,1.09,00:27:50,00:30:09,780,906,90,30,9,2021,09,126,9:19,9,19,9.316666666666666
73,Running,2021-09-24,Shawnee Running,4.0,370,00:35:18,160,182,168,181,8:49,6:35,115,143,1.09,00:34:54,00:43:11,774,905,77,41,9,2021,09,131,8:49,8,49,8.816666666666666
74,Running,2021-09-22,Shawnee Running,3.0,278,00:26:18,160,184,168,181,8:46,7:06,95,123,1.09,00:25:59,00:35:32,780,904,73,29,9,2021,09,124,8:46,8,46,8.766666666666667
75,Running,2021-09-21,Shawnee Running,4.0,394,00:36:13,164,182,163,181,9:03,7:45,112,140,1.09,00:36:06,00:39:28,773,905,73,36,10,2021,09,132,9:03,9,3,9.05
76,Running,2021-09-10,Shawnee Running,3.0,296,00:26:44,165,185,169,181,8:54,7:22,96,125,1.07,00:26:34,00:28:42,780,906,84,52,10,2021,09,126,8:54,8,54,8.9
77,Running,2021-09-08,Shawnee Running,5.0,494,00:47:14,163,183,159,183,9:26,7:22,117,160,1.07,00:46:57,00:54:40,757,906,82,27,9,2021,09,149,9:26,9,26,9.433333333333334
78,Running,2021-09-06,Shawnee Running,4.0,431,00:41:52,160,186,147,185,10:27,7:08,87,126,1.04,00:41:41,00:45:06,773,906,84,55,9,2021,09,133,10:27,10,27,10.45
79,Running,2021-08-30,Shawnee Running,3.0,320,00:27:45,166,189,163,179,9:15,7:23,93,120,1.07,00:27:28,00:31:16,780,905,88,59,7,2021,08,125,9:15,9,15,9.25
80,Running,2021-08-18,Shawnee Running,3.0,294,00:27:13,161,182,165,183,9:04,7:29,94,122,1.08,00:26:58,00:29:37,781,903,86,59,9,2021,08,122,9:04,9,4,9.066666666666666
81,Running,2021-08-16,Shawnee Running,3.0,305,00:29:27,157,183,156,183,9:48,7:45,96,125,1.05,00:29:16,00:31:51,780,905,84,55,8,2021,08,125,9:48,9,48,9.8
82,Running,2021-08-13,Shawnee Running,5.0,496,00:46:01,162,184,162,183,9:12,7:42,166,193,1.08,00:45:19,00:53:48,776,908,72,55,0,2021,08,132,9:12,9,12,9.2
83,Running,2021-08-11,Shawnee Running,3.0,331,00:29:41,164,186,153,181,9:54,8:04,91,118,1.06,00:29:29,00:33:04,780,905,93,50,16,2021,08,125,9:54,9,54,9.9
84,Running,2021-08-03,Shawnee Running,3.01,280,00:27:39,154,180,165,183,9:12,7:46,102,123,1.06,00:27:22,00:30:44,780,903,81,37,7,2021,08,123,9:12,9,12,9.2
85,Running,2021-08-02,Shawnee Running,5.02,500,00:46:38,162,183,162,181,9:18,7:53,118,145,1.07,00:46:20,00:48:32,764,904,82,42,8,2021,08,140,9:18,9,18,9.3
86,Running,2021-07-28,Shawnee Running,3.0,305,00:29:11,159,184,159,183,9:43,7:37,94,121,1.04,00:29:05,00:31:18,780,904,95,47,5,2021,07,124,9:43,9,43,9.716666666666667
87,Running,2021-07-26,Shawnee Running,4.0,410,00:38:20,161,182,158,181,9:35,7:37,94,133,1.06,00:37:52,00:42:35,772,906,90,41,8,2021,07,134,9:35,9,35,9.583333333333334
88,Running,2021-07-21,Shawnee Running,3.01,287,00:29:24,150,178,156,185,9:46,7:16,94,121,1.06,00:28:56,00:39:46,780,905,86,40,5,2021,07,125,9:46,9,46,9.766666666666667
89,Running,2021-07-19,Shawnee Running,4.01,389,00:37:03,159,180,166,185,9:15,7:32,113,141,1.05,00:36:51,00:40:38,774,905,84,45,7,2021,07,131,9:15,9,15,9.25
90,Running,2021-07-16,Shawnee Running,5.01,520,00:48:14,162,184,160,183,9:38,7:30,102,129,1.04,00:47:43,00:54:52,764,904,82,66,7,2021,07,140,9:38,9,38,9.633333333333333
91,Running,2021-07-12,Shawnee Running,3.0,314,00:29:14,160,183,157,181,9:44,7:39,103,120,1.05,00:28:59,00:30:47,780,901,77,61,6,2021,07,121,9:44,9,44,9.733333333333333
92,Running,2021-07-09,Shawnee Running,3.0,308,00:31:09,153,183,150,223,10:22,7:45,96,122,1.03,00:30:54,00:34:26,780,903,91,53,14,2021,07,123,10:22,10,22,10.366666666666667
93,Running,2021-07-06,Shawnee Running,3.0,307,00:29:31,159,184,157,183,9:50,7:39,91,119,1.04,00:29:10,00:34:37,780,905,86,46,9,2021,07,125,9:50,9,50,9.833333333333334
94,Running,2021-07-02,Shawnee Running,4.0,416,00:39:22,161,186,156,185,9:50,7:37,116,145,1.05,00:39:02,00:43:48,773,905,86,38,6,2021,07,132,9:50,9,50,9.833333333333334
95,Running,2021-06-28,Shawnee Running,4.0,397,00:38:10,161,182,162,181,9:32,7:37,111,139,1.04,00:37:59,00:42:29,773,905,73,94,8,2021,06,132,9:32,9,32,9.533333333333333
96,Running,2021-06-23,Shawnee Running,4.0,408,00:40:42,158,185,152,183,10:11,7:34,99,126,1.04,00:40:32,00:43:14,780,905,86,55,15,2021,06,125,10:11,10,11,10.183333333333334
97,Running,2021-06-21,Shawnee Running,4.0,379,00:37:11,160,182,165,185,9:17,7:12,116,122,1.05,00:36:58,00:38:56,781,909,79,28,15,2021,06,128,9:17,9,17,9.283333333333333
98,Running,2021-06-16,Shawnee Running,3.0,305,00:29:30,159,185,157,179,9:50,7:44,105,118,1.04,00:29:08,00:32:16,780,904,84,55,6,2021,06,124,9:50,9,50,9.833333333333334
99,Running,2021-06-14,Shawnee Running,3.03,304,00:31:17,154,182,151,218,10:19,7:37,85,118,1.03,00:30:55,00:34:22,758,903,93,28,8,2021,06,145,10:19,10,19,10.316666666666666
100,Running,2021-06-09,Shawnee Running,3.0,295,00:30:12,155,183,153,185,10:03,7:03,97,119,1.05,00:30:05,00:34:27,779,902,88,55,6,2021,06,123,10:03,10,3,10.05
101,Running,2021-06-01,Shawnee Running,4.0,377,00:35:50,161,180,170,185,8:57,7:46,106,134,1.06,00:35:24,00:39:39,779,905,72,61,3,2021,06,126,8:57,8,57,8.95
102,Running,2021-05-24,Shawnee Running,3.0,287,00:27:18,161,181,166,180,9:06,7:37,90,121,1.06,00:26:57,00:29:47,780,906,73,73,12,2021,05,126,9:06,9,6,9.1
103,Running,2021-05-21,Shawnee Running,4.0,373,00:37:40,156,179,162,183,9:25,7:39,106,134,1.05,00:37:26,00:40:25,780,906,72,83,14,2021,05,126,9:25,9,25,9.416666666666666
104,Running,2021-05-14,Shawnee Running,4.0,378,00:36:37,160,181,169,183,9:09,7:51,130,133,1.04,00:36:21,00:38:51,780,906,70,49,10,2021,05,126,9:09,9,9,9.15
105,Running,2021-05-12,Shawnee Running,3.0,271,00:26:26,159,179,171,191,8:48,7:05,91,121,1.07,00:26:15,00:30:43,780,906,63,27,10,2021,05,126,8:48,8,48,8.8
106,Running,2021-05-10,Shawnee Running,4.0,379,00:35:27,164,181,170,181,8:51,7:53,123,127,1.07,00:35:10,00:36:58,781,907,61,45,5,2021,05,126,8:51,8,51,8.85
107,Running,2021-05-04,Shawnee Running,3.0,281,00:26:33,163,183,169,185,8:51,7:36,92,117,1.07,00:26:17,00:30:11,781,902,63,27,14,2021,05,121,8:51,8,51,8.85
108,Running,2021-05-03,Shawnee Running,4.0,401,00:36:34,166,183,166,183,9:08,7:27,116,118,1.06,00:36:20,00:38:07,780,906,70,60,13,2021,05,126,9:08,9,8,9.133333333333333
109,Running,2021-04-19,Shawnee Running,3.01,267,00:25:58,158,179,172,228,8:38,7:17,99,125,1.08,00:25:47,00:29:29,781,906,54,47,13,2021,04,125,8:38,8,38,8.633333333333333
110,Running,2021-04-14,Shawnee Running,3.0,283,00:26:32,162,182,169,183,8:50,6:56,87,124,1.08,00:26:10,00:30:19,780,905,57,36,13,2021,04,125,8:50,8,50,8.833333333333334
111,Running,2021-04-12,Shawnee Running,3.01,278,00:26:34,159,182,170,185,8:50,7:16,91,124,1.07,00:26:16,00:29:44,780,905,61,31,12,2021,04,125,8:50,8,50,8.833333333333334
112,Running,2021-04-05,Shawnee Running,3.02,306,00:28:36,161,184,158,183,9:29,7:13,84,120,1.07,00:28:26,00:32:30,780,906,75,47,23,2021,04,126,9:29,9,29,9.483333333333333
113,Running,2021-03-26,Shawnee Running,4.0,389,00:35:12,164,183,171,185,8:48,7:39,133,136,1.07,00:35:01,00:37:11,780,907,61,59,15,2021,03,127,8:48,8,48,8.8
114,Running,2021-03-22,Shawnee Running,3.01,278,00:26:02,160,181,173,183,8:40,7:18,81,123,1.08,00:25:52,00:28:03,780,910,61,55,13,2021,03,130,8:40,8,40,8.666666666666666
115,Running,2021-03-16,Shawnee Running,4.0,363,00:34:28,160,181,173,213,8:37,7:32,123,124,1.08,00:34:15,00:36:53,780,906,48,87,14,2021,03,126,8:37,8,37,8.616666666666667
116,Running,2021-03-09,Shawnee Running,5.0,479,00:47:15,158,181,161,223,9:27,7:39,111,138,1.06,00:46:47,00:50:10,764,905,73,41,22,2021,03,141,9:27,9,27,9.45
117,Running,2021-03-08,Shawnee Running,3.0,277,00:26:59,158,180,166,185,8:59,7:21,97,125,1.08,00:26:41,00:31:02,780,906,70,26,18,2021,03,126,8:59,8,59,8.983333333333333
118,Running,2021-03-05,Shawnee Running,3.0,273,00:26:32,160,180,171,187,8:51,7:22,92,121,1.06,00:26:18,00:30:21,780,906,55,33,5,2021,03,126,8:51,8,51,8.85
119,Running,2021-03-03,Shawnee Running,3.0,282,00:28:18,157,181,163,185,9:26,7:21,96,127,1.05,00:28:09,00:30:33,780,907,70,18,10,2021,03,127,9:26,9,26,9.433333333333334
120,Running,2021-03-01,Shawnee Running,3.01,282,00:26:33,164,181,170,218,8:49,7:19,97,124,1.07,00:26:24,00:29:34,780,905,52,28,10,2021,03,125,8:49,8,49,8.816666666666666
121,Running,2021-02-23,Shawnee Running,3.0,291,00:30:43,151,185,152,181,10:14,7:44,95,120,1.03,00:30:36,00:33:36,780,902,68,23,18,2021,02,122,10:14,10,14,10.233333333333333
122,Running,2021-02-22,Shawnee Running,3.0,304,00:29:37,160,180,157,187,9:52,7:16,96,123,1.04,00:29:32,00:30:45,780,904,61,29,17,2021,02,124,9:52,9,52,9.866666666666667
123,Running,2021-02-03,Shawnee Running,3.01,282,00:25:46,165,185,172,185,8:34,7:17,96,123,1.1,00:25:32,00:27:27,780,904,57,41,17,2021,02,124,8:34,8,34,8.566666666666666
124,Running,2021-02-01,Shawnee Running,3.0,268,00:25:21,161,182,174,187,8:27,7:01,93,122,1.1,00:25:06,00:27:36,781,906,37,65,5,2021,02,125,8:27,8,27,8.45
125,Running,2021-01-29,Shawnee Running,4.0,378,00:35:00,163,185,174,187,8:45,7:19,155,160,1.06,00:34:46,00:37:34,780,923,50,58,13,2021,01,143,8:45,8,45,8.75
126,Running,2021-01-18,Shawnee Running,4.0,360,00:37:30,151,178,165,189,9:22,7:18,149,144,1.04,00:37:20,00:40:38,780,926,46,46,10,2021,01,146,9:22,9,22,9.366666666666667
127,Running,2021-01-12,Shawnee Running,3.0,279,00:26:13,163,190,171,185,8:44,7:46,98,122,1.08,00:26:02,00:27:13,780,903,48,46,10,2021,01,123,8:44,8,44,8.733333333333333
128,Running,2021-01-08,Shawnee Running,4.0,376,00:35:11,163,184,174,189,8:47,7:16,115,119,1.05,00:34:58,00:40:24,780,916,37,56,7,2021,01,136,8:47,8,47,8.783333333333333
129,Running,2021-01-05,Shawnee Running,3.0,295,00:27:40,162,181,166,186,9:13,7:35,96,124,1.05,00:27:29,00:29:46,780,905,45,66,9,2021,01,125,9:13,9,13,9.216666666666667
130,Running,2020-12-28,Shawnee Running,4.0,383,00:35:21,164,183,172,183,8:50,7:44,92,121,1.06,00:35:03,00:37:33,778,906,36,51,3,2020,12,128,8:50,8,50,8.833333333333334
131,Running,2020-12-22,Shawnee Running,3.0,281,00:28:20,156,184,162,185,9:26,7:50,94,120,1.05,00:28:08,00:29:52,780,903,64,28,20,2020,12,123,9:26,9,26,9.433333333333334
132,Running,2020-12-21,Shawnee Running,4.0,396,00:37:07,164,185,164,194,9:16,7:18,153,149,1.06,00:36:57,00:39:59,780,923,57,24,14,2020,12,143,9:16,9,16,9.266666666666667
133,Running,2020-12-14,Shawnee Running,4.0,385,00:35:05,165,183,173,185,8:46,7:33,116,119,1.06,00:34:48,00:36:36,781,906,37,41,5,2020,12,125,8:46,8,46,8.766666666666667
134,Running,2020-12-11,Shawnee Running,3.01,277,00:26:07,161,182,173,223,8:41,7:08,96,125,1.07,00:25:56,00:29:57,780,906,43,75,12,2020,12,126,8:41,8,41,8.683333333333334
135,Running,2020-12-07,Shawnee Running,3.01,298,00:26:28,167,185,169,215,8:48,7:21,86,114,1.08,00:26:17,00:27:20,787,905,54,41,8,2020,12,118,8:48,8,48,8.8
136,Running,2020-12-01,Shawnee Running,3.09,297,00:28:03,159,180,170,185,9:05,6:52,96,123,1.04,00:27:54,00:30:14,780,905,50,32,14,2020,12,125,9:05,9,5,9.083333333333334
137,Running,2020-11-30,Shawnee Running,3.0,287,00:26:47,160,182,168,187,8:55,7:28,93,122,1.08,00:26:38,00:30:15,780,905,39,35,12,2020,11,125,8:55,8,55,8.916666666666666
138,Running,2020-11-17,Shawnee Running,3.0,275,00:26:15,159,181,168,187,8:45,7:22,96,125,1.09,00:26:07,00:29:00,780,906,55,35,12,2020,11,126,8:45,8,45,8.75
139,Running,2020-11-16,Shawnee Running,3.0,281,00:26:04,162,182,172,183,8:41,7:30,96,125,1.08,00:25:55,00:28:35,781,905,63,29,7,2020,11,124,8:41,8,41,8.683333333333334
140,Running,2020-11-13,Shawnee Running,4.0,369,00:34:52,160,182,172,187,8:42,7:09,116,118,1.08,00:34:35,00:37:09,780,906,48,32,10,2020,11,126,8:42,8,42,8.7
141,Running,2020-11-09,Shawnee Running,4.0,384,00:36:38,162,182,166,183,9:10,7:11,123,126,1.06,00:36:21,00:40:26,780,908,72,57,12,2020,11,128,9:10,9,10,9.166666666666666
142,Running,2020-11-03,Shawnee Running,4.0,388,00:35:03,167,186,171,187,8:45,7:00,114,119,1.07,00:34:51,00:37:45,780,906,75,31,15,2020,11,126,8:45,8,45,8.75
143,Running,2020-11-02,Shawnee Running,4.0,398,00:34:58,169,186,171,189,8:45,7:13,120,119,1.08,00:34:52,00:36:57,780,906,66,32,13,2020,11,126,8:45,8,45,8.75
144,Running,2020-10-30,Shawnee Running,5.01,502,00:50:33,159,193,152,221,10:05,4:31,124,152,1.05,00:50:22,00:54:30,750,906,63,42,7,2020,10,156,10:05,10,5,10.083333333333334
145,Running,2020-10-28,Shawnee Running,4.01,394,00:36:02,164,183,169,183,8:59,7:28,98,117,1.06,00:35:55,00:37:24,780,905,46,66,9,2020,10,125,8:59,8,59,8.983333333333333
146,Running,2020-10-19,Shawnee Running,4.0,372,00:34:41,160,182,171,182,8:40,7:16,130,133,1.09,00:34:32,00:37:41,780,909,46,53,7,2020,10,129,8:40,8,40,8.666666666666666
147,Running,2020-10-09,Shawnee Running,5.0,467,00:44:13,160,182,169,185,8:50,7:22,116,145,1.08,00:43:51,00:47:01,763,905,79,51,14,2020,10,142,8:50,8,50,8.833333333333334
148,Running,2020-10-06,Shawnee Running,3.01,281,00:26:34,160,183,170,179,8:50,7:42,106,124,1.07,00:26:27,00:28:40,781,905,81,37,6,2020,10,124,8:50,8,50,8.833333333333334
149,Running,2020-09-30,Shawnee Running,5.0,500,00:45:43,165,184,166,183,9:08,7:39,93,132,1.06,00:45:28,00:47:10,764,907,73,27,21,2020,09,143,9:08,9,8,9.133333333333333
150,Running,2020-09-28,Shawnee Running,3.0,285,00:26:02,162,183,172,177,8:40,7:56,132,85,1.08,00:26:01,00:26:02,771,853,66,40,12,2020,09,82,8:40,8,40,8.666666666666666
151,Running,2020-09-21,Shawnee Running,4.01,434,00:39:04,165,187,155,218,9:45,7:40,120,129,1.06,00:38:48,00:40:54,780,904,79,48,10,2020,09,124,9:45,9,45,9.75
152,Running,2020-09-14,Shawnee Running,4.0,418,00:36:31,167,189,165,179,9:07,7:00,125,134,1.07,00:36:17,00:40:58,780,907,79,48,9,2020,09,127,9:07,9,7,9.116666666666667
153,Running,2020-09-01,Shawnee Running,3.0,291,00:26:23,161,185,170,185,8:47,7:18,92,120,1.08,00:26:06,00:31:13,780,905,84,62,12,2020,09,125,8:47,8,47,8.783333333333333
154,Running,2020-08-26,Shawnee Running,3.0,300,00:27:01,162,185,170,181,9:00,7:34,76,106,1.06,00:26:44,00:29:43,787,905,93,41,13,2020,08,118,9:00,9,0,9.0
155,Running,2020-08-19,Shawnee Running,3.01,296,00:26:49,162,184,169,183,8:56,7:19,105,125,1.06,00:26:24,00:30:58,787,904,82,42,6,2020,08,117,8:56,8,56,8.933333333333334
156,Running,2020-08-17,Shawnee Running,3.0,297,00:26:48,162,185,170,206,8:56,7:34,88,107,1.06,00:26:32,00:31:08,787,906,84,40,17,2020,08,119,8:56,8,56,8.933333333333334
157,Running,2020-08-12,Shawnee Running,3.0,284,00:28:39,153,182,160,185,9:33,7:39,92,118,1.05,00:28:27,00:32:15,780,903,88,55,9,2020,08,123,9:33,9,33,9.55
158,Running,2020-08-10,Shawnee Running,3.0,300,00:26:32,166,187,170,179,8:50,7:44,93,121,1.07,00:26:26,00:27:59,780,905,84,66,6,2020,08,125,8:50,8,50,8.833333333333334
159,Running,2020-08-07,Shawnee Running,4.0,412,00:37:00,165,188,165,187,9:15,7:23,129,132,1.05,00:36:54,00:38:46,780,907,81,79,9,2020,08,127,9:15,9,15,9.25
160,Running,2020-08-04,Shawnee Running,4.0,421,00:36:27,170,186,169,179,9:07,7:54,135,132,1.04,00:36:19,00:37:33,780,918,73,44,6,2020,08,138,9:07,9,7,9.116666666666667
161,Running,2020-07-27,Shawnee Running,4.01,406,00:40:18,155,186,157,221,10:03,7:41,502,499,1.02,00:40:05,00:41:40,787,931,81,74,10,2020,07,144,10:03,10,3,10.05
162,Running,2020-07-24,Shawnee Running,3.0,324,00:30:43,161,185,155,179,10:14,7:49,522,449,1.01,00:30:22,00:34:11,768,970,93,47,12,2020,07,202,10:14,10,14,10.233333333333333
163,Running,2020-07-21,Shawnee Running,3.0,313,00:28:21,164,187,162,183,9:26,7:39,97,122,1.05,00:28:10,00:30:30,780,903,82,62,0,2020,07,123,9:26,9,26,9.433333333333334
164,Running,2020-07-15,Shawnee Running,3.0,307,00:27:12,167,188,167,185,9:04,7:09,85,120,1.07,00:26:59,00:30:38,780,905,81,70,14,2020,07,125,9:04,9,4,9.066666666666666
165,Running,2020-07-13,Shawnee Running,3.01,320,00:27:54,168,189,166,181,9:17,7:30,98,126,1.05,00:27:43,00:31:19,780,907,90,43,13,2020,07,127,9:17,9,17,9.283333333333333
166,Running,2020-07-08,Shawnee Running,3.0,328,00:30:00,163,188,157,226,9:59,7:51,80,123,1.03,00:29:42,00:32:46,780,905,91,49,12,2020,07,125,9:59,9,59,9.983333333333333
167,Running,2020-06-30,Shawnee Running,3.0,321,00:28:44,166,186,158,183,9:34,7:35,86,123,1.06,00:28:29,00:33:33,781,908,88,55,12,2020,06,127,9:34,9,34,9.566666666666666
168,Running,2020-06-24,Shawnee Running,3.0,314,00:27:20,168,188,167,183,9:06,7:17,96,125,1.06,00:27:08,00:30:50,780,906,84,37,7,2020,06,126,9:06,9,6,9.1
169,Running,2020-06-22,Shawnee Running,3.0,335,00:28:40,170,189,161,181,9:32,7:35,93,120,1.05,00:28:26,00:31:09,780,905,88,43,14,2020,06,125,9:32,9,32,9.533333333333333
170,Running,2020-06-15,Shawnee Running,3.0,351,00:30:20,168,188,154,181,10:06,7:42,91,123,1.03,00:30:04,00:33:29,779,905,90,41,12,2020,06,126,10:06,10,6,10.1
171,Running,2020-06-09,Shawnee Running,3.01,335,00:29:20,166,193,159,179,9:45,7:45,96,125,1.04,00:28:54,00:34:04,779,906,88,63,16,2020,06,127,9:45,9,45,9.75
172,Running,2020-05-20,Shawnee Running,4.0,400,00:36:16,164,186,168,218,9:04,7:23,122,126,1.06,00:35:58,00:41:52,780,907,68,68,9,2020,05,127,9:04,9,4,9.066666666666666
173,Running,2020-05-15,Shawnee Running,3.0,297,00:25:49,167,186,171,211,8:36,7:41,97,126,1.1,00:25:37,00:29:49,780,907,66,83,8,2020,05,127,8:36,8,36,8.6
174,Running,2020-05-11,Shawnee Running,4.01,396,00:34:47,167,184,170,187,8:41,6:58,123,126,1.09,00:34:39,00:37:52,778,907,48,50,6,2020,05,129,8:41,8,41,8.683333333333334
175,Running,2020-05-08,Shawnee Running,4.0,396,00:36:20,163,184,165,185,9:05,7:06,117,120,1.07,00:36:06,00:38:59,780,907,57,36,14,2020,05,127,9:05,9,5,9.083333333333334
176,Running,2020-05-06,Shawnee Running,4.0,411,00:35:28,168,189,170,184,8:51,7:30,400,384,1.07,00:35:22,00:38:40,756,903,63,48,12,2020,05,147,8:51,8,51,8.85
177,Running,2020-05-01,Shawnee Running,3.0,300,00:27:16,162,184,165,183,9:04,7:37,96,126,1.07,00:27:04,00:30:36,780,907,77,47,9,2020,05,127,9:04,9,4,9.066666666666666
178,Running,2020-04-25,Shawnee Running,5.0,530,00:44:52,171,187,169,179,8:58,7:51,114,141,1.06,00:44:35,00:46:54,764,905,64,42,12,2020,04,141,8:58,8,58,8.966666666666667
179,Running,2020-04-20,Shawnee Running,4.0,397,00:36:09,163,182,167,181,9:02,7:33,130,126,1.07,00:35:54,00:38:58,780,908,70,46,12,2020,04,128,9:02,9,2,9.033333333333333
180,Running,2020-04-15,Shawnee Running,4.0,400,00:35:14,167,184,170,185,8:48,7:27,134,130,1.07,00:35:02,00:36:51,780,908,54,32,7,2020,04,128,8:48,8,48,8.8
181,Running,2020-04-14,Shawnee Running,5.0,505,00:43:57,169,184,170,183,8:47,7:32,123,159,1.07,00:43:45,00:45:43,763,906,48,27,27,2020,04,143,8:47,8,47,8.783333333333333
182,Running,2020-04-07,Shawnee Running,3.01,310,00:27:33,165,187,163,183,9:10,7:35,93,125,1.08,00:27:21,00:29:58,780,906,77,57,14,2020,04,126,9:10,9,10,9.166666666666666
183,Running,2020-04-01,Shawnee Running,3.0,298,00:27:30,162,185,163,189,9:09,7:09,96,125,1.08,00:27:18,00:30:31,780,906,72,38,17,2020,04,126,9:09,9,9,9.15
184,Running,2020-03-30,Shawnee Running,3.0,295,00:25:44,168,188,172,187,8:34,7:09,101,125,1.09,00:25:35,00:27:33,780,906,68,28,12,2020,03,126,8:34,8,34,8.566666666666666
185,Running,2020-03-27,Shawnee Running,5.0,504,00:45:10,167,186,165,215,9:02,7:16,109,145,1.08,00:44:57,00:48:11,738,906,64,83,0,2020,03,168,9:02,9,2,9.033333333333333
186,Running,2020-03-24,Shawnee Running,4.01,396,00:36:22,163,187,167,215,9:05,7:41,120,120,1.06,00:36:14,00:36:51,781,905,48,87,7,2020,03,124,9:05,9,5,9.083333333333334
187,Running,2020-03-17,Shawnee Running,3.01,285,00:25:52,164,186,172,185,8:37,7:17,99,124,1.09,00:25:47,00:28:15,780,905,48,71,8,2020,03,125,8:37,8,37,8.616666666666667
188,Running,2020-03-11,Shawnee Running,4.01,387,00:35:52,163,182,167,181,8:57,7:14,90,118,1.08,00:35:29,00:39:18,780,905,66,46,6,2020,03,125,8:57,8,57,8.95
189,Running,2020-03-06,Shawnee Running,4.0,396,00:36:19,164,188,162,185,9:04,7:12,127,131,1.09,00:36:07,00:40:31,780,907,55,16,3,2020,03,127,9:04,9,4,9.066666666666666
190,Running,2020-03-04,Shawnee Running,4.0,404,00:35:52,169,186,168,183,8:58,7:27,113,120,1.07,00:35:39,00:40:05,780,911,57,36,6,2020,03,131,8:58,8,58,8.966666666666667
191,Running,2020-03-02,Shawnee Running,3.0,295,00:27:19,163,186,166,189,9:06,7:00,95,121,1.07,00:27:02,00:30:54,780,903,54,41,6,2020,03,123,9:06,9,6,9.1
192,Running,2020-02-19,Shawnee Running,3.01,287,00:26:20,164,186,169,187,8:45,7:16,97,125,1.09,00:26:07,00:28:43,781,905,43,42,8,2020,02,124,8:45,8,45,8.75
193,Running,2020-02-17,Shawnee Running,5.01,507,00:46:14,165,184,165,179,9:14,8:06,113,141,1.06,00:45:56,00:47:15,763,905,57,67,9,2020,02,142,9:14,9,14,9.233333333333333
194,Running,2020-02-10,Shawnee Running,4.0,368,00:35:11,160,186,173,187,8:47,7:22,127,127,1.06,00:35:02,00:38:52,780,910,41,45,8,2020,02,130,8:47,8,47,8.783333333333333
195,Running,2020-02-07,Shawnee Running,4.0,379,00:35:38,162,184,172,185,8:54,7:44,132,136,1.05,00:35:27,00:37:47,780,914,36,55,13,2020,02,134,8:54,8,54,8.9
196,Running,2020-02-03,Shawnee Running,4.01,398,00:35:23,167,186,173,185,8:50,7:04,115,117,1.05,00:35:13,00:38:14,780,911,43,70,15,2020,02,131,8:50,8,50,8.833333333333334
197,Running,2020-02-02,Shawnee Running,5.01,534,00:47:59,166,187,162,185,9:35,6:38,101,138,1.04,00:47:43,00:51:32,763,906,64,37,8,2020,02,143,9:35,9,35,9.583333333333334
198,Running,2020-01-21,Shawnee Running,2.32,236,00:22:05,160,186,165,179,9:31,8:11,118,125,1.02,00:21:56,00:29:55,780,906,30,64,15,2020,01,126,9:31,9,31,9.516666666666667
199,Running,2019-10-27,Shawnee Running,5.08,515,00:46:19,166,184,171,189,9:07,7:19,119,153,1.03,00:46:09,00:48:01,763,911,55,58,6,2019,10,148,9:07,9,7,9.116666666666667
200,Running,2019-10-07,Running,4.0,390,00:36:01,164,187,172,181,9:00,7:34,122,124,1.04,00:35:47,00:41:33,780,907,68,40,0,2019,10,127,9:00,9,0,9.0
201,Running,2019-10-06,Shawnee Running,5.0,492,00:45:12,166,186,171,189,9:02,7:08,112,140,1.04,00:44:55,00:48:42,764,906,61,72,7,2019,10,142,9:02,9,2,9.033333333333333
202,Running,2019-09-29,Shawnee Running,4.0,443,00:37:54,174,191,163,183,9:29,7:42,128,109,1.04,00:37:38,00:40:54,780,918,84,66,15,2019,09,138,9:29,9,29,9.483333333333333
203,Running,2019-09-23,Shawnee Running,5.01,506,00:45:21,169,186,169,183,9:03,7:22,103,134,1.05,00:44:52,00:51:12,764,907,79,54,8,2019,09,143,9:03,9,3,9.05
204,Running,2019-09-20,Shawnee Running,3.01,279,00:25:37,164,188,172,189,8:31,6:49,94,123,1.1,00:25:22,00:30:16,780,906,75,74,16,2019,09,126,8:31,8,31,8.516666666666667
205,Running,2019-09-13,Shawnee Running,5.01,511,00:45:37,167,188,171,185,9:06,7:13,106,147,1.03,00:45:22,00:48:33,764,905,77,47,7,2019,09,141,9:06,9,6,9.1
206,Running,2019-09-04,Shawnee Running,5.02,517,00:47:00,165,185,170,187,9:22,7:58,125,153,1.01,00:46:26,00:50:00,762,906,82,45,3,2019,09,144,9:22,9,22,9.366666666666667
207,Running,2019-08-28,Shawnee Running,4.01,419,00:36:41,170,186,168,185,9:09,6:49,101,139,1.04,00:36:21,00:39:54,778,905,82,37,7,2019,08,127,9:09,9,9,9.15
208,Running,2019-06-15,Shawnee Running,6.0,707,00:56:42,172,186,161,181,9:27,7:47,123,165,1.05,00:56:04,00:58:11,762,906,77,65,15,2019,06,144,9:27,9,27,9.45
209,Running,2019-06-10,Shawnee Running,5.01,563,00:46:31,169,184,164,181,9:17,7:29,103,130,1.06,00:45:39,00:50:30,764,904,79,23,9,2019,06,140,9:17,9,17,9.283333333333333
210,Running,2019-06-07,Shawnee Running,4.0,469,00:37:29,172,189,165,181,9:22,7:34,126,134,1.04,00:37:01,00:41:16,780,917,88,36,10,2019,06,137,9:22,9,22,9.366666666666667
211,Running,2019-06-04,Shawnee Running,4.01,472,00:39:12,167,187,157,181,9:47,7:10,113,120,1.05,00:38:29,00:42:54,780,916,84,55,16,2019,06,136,9:47,9,47,9.783333333333333
212,Running,2019-05-29,Shawnee Running,5.01,546,00:45:44,169,190,168,194,9:07,7:10,100,135,1.05,00:44:40,00:47:57,762,905,68,68,9,2019,05,143,9:07,9,7,9.116666666666667
213,Running,2019-05-15,Shawnee Running,4.01,453,00:38:51,166,186,160,178,9:42,7:26,126,119,1.04,00:37:58,00:40:24,781,912,82,55,12,2019,05,131,9:42,9,42,9.7
214,Running,2019-05-04,Kansas City Running,3.2,332,00:25:56,176,187,172,182,8:06,6:57,105,96,1.16,00:25:44,00:25:56,830,954,48,93,0,2019,05,124,8:06,8,6,8.1
215,Running,2019-05-01,Shawnee Running,6.01,612,00:53:22,165,184,172,186,8:53,6:57,136,153,1.06,00:52:22,00:57:36,762,904,63,83,3,2019,05,142,8:53,8,53,8.883333333333333
216,Running,2019-04-29,Shawnee Running,5.02,470,00:44:06,154,173,172,212,8:48,6:40,109,135,1.07,00:43:16,00:48:26,764,902,61,72,15,2019,04,138,8:48,8,48,8.8
217,Running,2019-04-24,Shawnee Running,5.01,513,00:44:24,164,189,170,186,8:52,7:14,97,140,1.07,00:43:25,00:48:20,764,906,63,72,0,2019,04,142,8:52,8,52,8.866666666666667
218,Running,2019-04-16,Shawnee Running,4.01,422,00:36:51,163,182,168,182,9:12,6:54,134,133,1.05,00:36:03,00:38:10,780,905,77,54,16,2019,04,125,9:12,9,12,9.2
219,Running,2019-04-15,Shawnee Running,5.02,518,00:45:16,164,184,168,186,9:01,7:13,97,132,1.06,00:44:32,00:49:34,765,904,73,41,18,2019,04,139,9:01,9,1,9.016666666666667
220,Running,2019-04-09,Shawnee Running,5.01,525,00:45:28,165,185,170,186,9:05,6:37,105,143,1.04,00:44:35,00:49:32,763,904,75,39,14,2019,04,141,9:05,9,5,9.083333333333334
221,Running,2019-04-05,Shawnee Running,6.01,635,00:55:08,163,185,168,186,9:11,7:11,93,131,1.05,00:54:07,00:57:39,761,904,64,68,6,2019,04,143,9:11,9,11,9.183333333333334
222,Running,2019-04-01,Shawnee Running,5.0,498,00:43:18,162,188,172,186,8:39,6:41,105,132,1.08,00:42:27,00:47:56,764,903,55,38,12,2019,04,139,8:39,8,39,8.65
223,Running,2019-03-25,Shawnee Running,5.01,444,00:42:55,151,182,174,188,8:34,6:51,98,136,1.08,00:41:52,00:47:52,765,904,54,67,7,2019,03,139,8:34,8,34,8.566666666666666
224,Running,2019-03-20,Shawnee Running,5.01,481,00:43:53,157,185,170,186,8:46,7:07,96,135,1.08,00:43:00,00:46:42,762,906,57,41,18,2019,03,144,8:46,8,46,8.766666666666667
225,Running,2019-03-18,Shawnee - Running,5.0,484,00:42:49,161,183,172,186,8:34,6:51,93,135,1.09,00:42:10,00:45:27,764,906,52,35,12,2019,03,142,8:34,8,34,8.566666666666666
226,Running,2019-03-11,Shawnee - Running,5.0,517,00:43:10,169,191,172,186,8:37,7:32,117,157,1.08,00:42:11,00:45:38,763,905,54,44,6,2019,03,142,8:37,8,37,8.616666666666667
227,Running,2019-03-08,Shawnee - Running,4.01,391,00:34:21,163,184,172,186,8:34,6:47,115,133,1.09,00:33:39,00:36:12,781,905,43,81,9,2019,03,124,8:34,8,34,8.566666666666666
228,Running,2019-03-01,Shawnee - Running,6.01,580,00:51:56,160,187,174,190,8:39,6:09,105,144,1.07,00:51:01,00:54:50,761,905,36,69,6,2019,03,144,8:39,8,39,8.65
229,Running,2019-02-25,Shawnee Running,5.01,485,00:44:14,158,186,172,190,8:50,6:41,120,144,1.05,00:43:24,00:48:38,763,905,43,56,10,2019,02,142,8:50,8,50,8.833333333333334
230,Running,2019-02-19,Shawnee Running,5.0,504,00:44:59,161,182,170,186,9:00,7:26,118,146,1.05,00:44:11,00:47:05,763,906,28,74,13,2019,02,143,9:00,9,0,9.0
231,Running,2019-02-12,Shawnee Running,4.28,411,00:37:55,155,183,170,186,8:52,7:04,122,145,1.06,00:37:15,00:40:47,772,906,37,52,15,2019,02,134,8:52,8,52,8.866666666666667
232,Running,2019-02-04,Shawnee Running,5.01,470,00:42:58,157,185,172,188,8:35,6:55,104,142,1.09,00:42:15,00:45:54,763,905,30,69,13,2019,02,142,8:35,8,35,8.583333333333334
233,Running,2019-01-25,Shawnee Running,5.1,535,00:46:34,164,184,170,184,9:08,7:18,115,143,1.03,00:45:33,00:50:46,763,905,32,80,15,2019,01,142,9:08,9,8,9.133333333333333
234,Running,2019-01-14,Shawnee Running,3.0,284,00:27:51,148,178,170,186,9:16,7:23,96,124,1.03,00:27:35,00:30:03,781,904,28,100,13,2019,01,123,9:16,9,16,9.266666666666667
235,Running,2019-01-09,Shawnee Running,5.01,481,00:43:19,159,188,172,188,8:39,6:56,105,143,1.08,00:42:51,00:46:12,765,906,37,44,12,2019,01,141,8:39,8,39,8.65
236,Running,2019-01-08,Shawnee Running,6.01,637,00:52:06,170,192,172,188,8:40,6:51,106,132,1.08,00:51:41,00:54:28,762,906,50,34,17,2019,01,144,8:40,8,40,8.666666666666666
237,Running,2019-01-04,Shawnee Running,5.01,518,00:43:49,165,189,172,186,8:45,7:23,119,147,1.07,00:43:27,00:48:54,764,905,50,46,5,2019,01,141,8:45,8,45,8.75
238,Running,2018-12-22,Shawnee Running,5.01,502,00:43:56,161,187,170,180,8:46,7:46,94,130,1.08,00:43:42,00:45:05,764,906,45,66,12,2018,12,142,8:46,8,46,8.766666666666667
239,Running,2018-12-03,Shawnee Running,5.01,417,00:42:41,144,165,172,186,8:31,6:52,90,131,1.1,00:42:18,00:45:03,764,903,28,74,13,2018,12,139,8:31,8,31,8.516666666666667
240,Running,2018-11-21,Shawnee Running,6.01,594,00:50:49,166,186,172,184,8:28,6:49,117,153,1.11,00:50:25,00:54:20,761,906,59,41,16,2018,11,145,8:28,8,28,8.466666666666667
241,Running,2018-11-19,Shawnee Running,6.01,576,00:52:50,160,184,170,190,8:48,6:38,118,144,1.07,00:52:20,00:57:11,762,905,45,57,12,2018,11,143,8:48,8,48,8.8
242,Running,2018-11-14,Shawnee Running,5.01,488,00:43:06,163,183,174,188,8:37,6:39,107,144,1.08,00:42:27,00:46:51,764,905,34,47,5,2018,11,141,8:37,8,37,8.616666666666667
243,Running,2018-11-07,Shawnee Running,5.01,472,00:41:45,162,193,174,188,8:20,6:13,121,149,1.11,00:41:24,00:46:15,765,905,45,57,10,2018,11,140,8:20,8,20,8.333333333333334
244,Running,2018-10-31,Shawnee Running,7.01,678,01:00:42,162,180,172,230,8:40,6:28,163,203,1.08,01:00:09,01:04:52,762,922,55,51,8,2018,10,160,8:40,8,40,8.666666666666666
245,Running,2018-10-29,Shawnee Running,6.01,600,00:51:48,167,182,172,190,8:37,6:58,110,144,1.09,00:51:11,00:56:02,761,906,70,40,14,2018,10,145,8:37,8,37,8.616666666666667
246,Running,2018-10-26,Shawnee Running,6.01,577,00:52:04,162,176,172,188,8:40,6:58,89,133,1.08,00:51:18,00:56:34,761,908,55,67,8,2018,10,147,8:40,8,40,8.666666666666666
247,Running,2018-10-24,Shawnee Running,5.01,493,00:42:58,165,181,172,182,8:34,7:16,105,149,1.09,00:42:36,00:45:02,763,909,61,39,7,2018,10,146,8:34,8,34,8.566666666666666
248,Running,2018-10-22,Shawnee Running,6.01,609,00:52:52,166,179,170,212,8:48,6:57,119,144,1.07,00:52:07,00:57:21,762,905,70,46,7,2018,10,143,8:48,8,48,8.8
249,Running,2018-10-19,Shawnee Running,6.01,599,00:53:42,162,179,170,194,8:56,6:59,119,145,1.06,00:52:44,00:58:27,762,907,61,77,10,2018,10,145,8:56,8,56,8.933333333333334
250,Running,2018-10-17,Shawnee Running,5.01,482,00:43:56,159,181,168,186,8:46,7:00,100,142,1.09,00:43:26,00:48:10,763,905,64,45,8,2018,10,142,8:46,8,46,8.766666666666667
251,Running,2018-10-16,Shawnee Running,6.01,591,00:52:07,163,185,172,188,8:40,7:17,105,134,1.08,00:51:29,00:53:58,761,906,61,39,6,2018,10,145,8:40,8,40,8.666666666666666
252,Running,2018-10-15,Shawnee Running,5.01,479,00:42:49,161,183,172,210,8:33,7:23,101,138,1.1,00:42:20,00:45:29,763,905,45,57,6,2018,10,142,8:33,8,33,8.55
253,Running,2018-10-12,Shawnee Running,6.01,599,00:52:12,165,180,172,186,8:41,7:07,128,151,1.08,00:51:34,00:54:37,761,905,48,87,0,2018,10,144,8:41,8,41,8.683333333333334
254,Running,2018-10-05,Shawnee Running,7.01,749,01:03:20,168,186,168,186,9:02,6:40,134,143,1.06,01:02:20,01:10:03,761,905,82,66,14,2018,10,144,9:02,9,2,9.033333333333333
255,Running,2018-10-03,Shawnee Running,5.01,578,00:46:55,172,189,164,176,9:22,7:25,121,147,1.05,00:45:54,00:52:04,763,905,88,52,25,2018,10,142,9:22,9,22,9.366666666666667
256,Running,2018-10-01,Shawnee Running,6.01,659,00:54:26,170,190,166,178,9:04,6:49,130,144,1.07,00:53:41,00:57:47,761,905,77,79,15,2018,10,144,9:04,9,4,9.066666666666666
257,Running,2018-09-30,Shawnee Running,3.67,351,00:32:16,160,185,162,178,8:47,2:17,42,138,1.13,00:31:48,00:33:48,763,910,72,83,13,2018,09,147,8:47,8,47,8.783333333333333
258,Running,2018-09-16,Shawnee Running,6.01,648,00:57:21,165,182,162,218,9:33,7:47,153,187,1.04,00:56:38,00:59:39,761,904,86,49,5,2018,09,143,9:33,9,33,9.55
259,Running,2018-09-12,Shawnee Running,6.01,634,00:53:23,169,187,170,180,8:53,6:57,113,159,1.07,00:52:41,00:58:41,762,910,79,54,12,2018,09,148,8:53,8,53,8.883333333333333
260,Running,2018-09-10,Shawnee Running,5.0,524,00:42:57,170,188,168,180,8:35,7:28,189,230,1.11,00:41:51,00:47:53,765,909,79,54,6,2018,09,144,8:35,8,35,8.583333333333334
261,Running,2018-09-04,Shawnee Running,6.01,660,00:57:15,167,184,164,186,9:31,7:47,102,133,1.03,00:55:59,01:02:16,762,908,81,74,13,2018,09,146,9:31,9,31,9.516666666666667
262,Running,2018-08-31,Shawnee Running,5.0,540,00:45:57,167,186,166,182,9:11,7:07,119,146,1.06,00:45:19,00:53:21,763,905,90,59,17,2018,08,142,9:11,9,11,9.183333333333334
263,Running,2018-08-29,Shawnee Running,6.01,628,00:53:49,166,183,170,186,8:57,7:39,103,147,1.06,00:52:40,00:58:16,762,908,75,69,10,2018,08,146,8:57,8,57,8.95
264,Running,2018-08-22,Shawnee Running,8.01,868,01:11:50,170,186,170,212,8:58,7:44,146,183,1.05,01:11:15,01:14:35,758,905,81,39,6,2018,08,147,8:58,8,58,8.966666666666667
265,Running,2018-08-21,Shawnee Running,5.01,515,00:44:42,165,186,170,186,8:56,6:56,106,144,1.06,00:43:26,00:49:43,764,906,82,48,14,2018,08,142,8:56,8,56,8.933333333333334
266,Running,2018-08-13,Shawnee Running,7.01,769,01:03:51,170,186,170,182,9:07,7:17,132,159,1.04,01:03:12,01:07:42,762,905,88,52,12,2018,08,143,9:07,9,7,9.116666666666667
267,Running,2018-08-11,Shawnee Running,5.01,548,00:47:18,165,185,164,180,9:26,7:33,109,135,1.04,00:46:37,00:52:32,765,905,77,69,5,2018,08,140,9:26,9,26,9.433333333333334
268,Running,2018-08-06,Shawnee Running,4.01,439,00:36:50,168,186,166,182,9:12,7:08,97,122,1.05,00:36:09,00:40:27,780,906,95,39,12,2018,08,126,9:12,9,12,9.2
269,Running,2018-07-30,Shawnee Running,4.03,393,00:36:26,158,175,168,182,9:03,7:03,125,141,1.06,00:35:46,00:40:16,781,919,75,54,9,2018,07,138,9:03,9,3,9.05
270,Running,2018-07-29,Shawnee Running,7.0,735,01:01:14,170,185,170,180,8:45,7:18,155,193,1.08,01:00:21,01:04:32,761,905,79,65,9,2018,07,144,8:45,8,45,8.75
271,Running,2018-07-27,Shawnee Running,6.01,608,00:54:11,164,183,168,182,9:01,7:30,114,151,1.06,00:53:03,01:03:09,762,904,88,33,7,2018,07,142,9:01,9,1,9.016666666666667
272,Running,2018-07-25,Shawnee Running,4.01,422,00:36:25,165,186,170,180,9:05,7:13,105,117,1.04,00:35:46,00:40:24,780,908,91,28,5,2018,07,128,9:05,9,5,9.083333333333334
273,Running,2018-07-23,Shawnee Running,5.01,561,00:46:09,170,188,166,182,9:13,6:43,106,145,1.05,00:45:07,00:51:59,764,905,88,46,10,2018,07,141,9:13,9,13,9.216666666666667
274,Running,2018-07-20,Shawnee Running,6.01,627,00:53:31,168,187,170,180,8:55,7:44,103,142,1.06,00:52:34,01:00:50,761,905,84,62,9,2018,07,144,8:55,8,55,8.916666666666666
275,Running,2018-07-18,Shawnee Running,4.0,445,00:37:28,168,188,166,184,9:22,6:54,123,122,1.03,00:36:32,00:44:54,781,908,81,84,7,2018,07,127,9:22,9,22,9.366666666666667
277,Running,2018-07-10,Shawnee Running,4.0,421,00:38:59,160,182,160,180,9:44,7:33,83,122,1.03,00:37:57,00:45:45,773,905,99,33,5,2018,07,132,9:44,9,44,9.733333333333333
278,Running,2018-07-06,Shawnee Running,4.01,433,00:37:41,166,186,164,180,9:24,7:10,108,132,1.05,00:37:01,00:41:39,780,904,93,44,9,2018,07,124,9:24,9,24,9.4
279,Running,2018-07-03,Shawnee Running,4.01,433,00:36:53,168,189,166,180,9:12,6:58,106,134,1.05,00:36:12,00:40:07,780,908,93,50,14,2018,07,128,9:12,9,12,9.2
281,Running,2018-06-27,Shawnee Running,3.0,317,00:28:23,162,186,164,178,9:27,5:56,101,134,1.04,00:27:49,00:31:02,780,915,93,56,12,2018,06,135,9:27,9,27,9.45
282,Running,2018-06-25,Shawnee Running,5.0,517,00:44:49,168,187,166,184,8:58,6:50,120,152,1.08,00:44:04,00:50:44,763,910,84,48,14,2018,06,147,8:58,8,58,8.966666666666667
283,Running,2018-06-22,Shawnee Running,6.01,583,00:52:40,163,191,170,184,8:46,6:44,106,142,1.08,00:51:46,00:56:55,762,906,72,73,10,2018,06,144,8:46,8,46,8.766666666666667
284,Running,2018-06-19,Shawnee Running,6.01,620,00:55:23,165,185,166,180,9:13,6:45,172,181,1.05,00:54:23,01:01:48,762,907,81,70,6,2018,06,145,9:13,9,13,9.216666666666667
285,Running,2018-06-13,Shawnee Running,4.01,391,00:34:53,164,183,170,184,8:43,7:16,115,130,1.08,00:34:31,00:39:12,780,907,84,52,9,2018,06,127,8:43,8,43,8.716666666666667
286,Running,2018-06-12,Shawnee Running,5.01,536,00:44:53,171,189,168,180,8:58,7:30,100,145,1.07,00:44:03,00:50:17,763,911,86,59,0,2018,06,148,8:58,8,58,8.966666666666667
287,Running,2018-06-10,Shawnee Running,4.01,426,00:35:36,172,187,166,176,8:53,7:28,133,136,1.09,00:35:06,00:37:10,780,906,90,49,10,2018,06,126,8:53,8,53,8.883333333333333
288,Running,2018-06-05,Shawnee Running,5.01,534,00:47:26,167,186,162,180,9:28,7:22,118,147,1.05,00:46:23,00:50:57,762,906,88,43,6,2018,06,144,9:28,9,28,9.466666666666667
289,Running,2018-06-04,Shawnee Running,4.01,413,00:35:06,170,185,168,178,8:45,7:36,112,114,1.09,00:34:34,00:38:07,780,907,81,42,10,2018,06,127,8:45,8,45,8.75
290,Running,2018-05-30,Shawnee Running,4.01,403,00:35:30,167,187,168,184,8:51,6:56,121,121,1.09,00:34:37,00:42:05,780,904,88,46,13,2018,05,124,8:51,8,51,8.85
291,Running,2018-05-29,Shawnee Running,4.01,420,00:39:13,162,185,158,182,9:47,7:45,112,129,1.04,00:38:22,00:42:28,780,904,91,41,9,2018,05,124,9:47,9,47,9.783333333333333
292,Running,2018-05-25,Shawnee Running,6.01,626,00:54:36,170,188,166,208,9:05,6:58,117,150,1.07,00:53:55,00:58:26,762,903,84,52,12,2018,05,141,9:05,9,5,9.083333333333334
293,Running,2018-05-22,Shawnee Running,4.01,404,00:38:07,162,187,162,180,9:30,6:59,124,134,1.05,00:37:01,00:42:17,781,905,84,52,10,2018,05,124,9:30,9,30,9.5
294,Running,2018-05-21,Shawnee Running,5.01,506,00:44:03,172,192,170,180,8:48,7:23,111,139,1.07,00:43:15,00:48:44,763,903,73,61,3,2018,05,140,8:48,8,48,8.8
295,Running,2018-05-15,Shawnee Running,4.0,384,00:35:05,167,189,170,180,8:46,6:55,116,117,1.08,00:34:17,00:37:49,780,907,81,62,10,2018,05,127,8:46,8,46,8.766666666666667
296,Running,2018-05-14,Shawnee Running,5.01,468,00:42:56,168,188,170,182,8:34,6:10,106,145,1.1,00:42:07,00:47:38,765,908,81,70,7,2018,05,143,8:34,8,34,8.566666666666666
297,Running,2018-05-08,Shawnee Running,4.01,374,00:35:06,166,186,168,180,8:45,7:18,119,116,1.1,00:34:12,00:40:42,780,907,84,43,10,2018,05,127,8:45,8,45,8.75
298,Running,2018-05-07,Shawnee Running,5.06,500,00:47:38,165,185,162,178,9:24,6:49,121,143,1.06,00:46:49,00:51:39,765,905,84,29,6,2018,05,140,9:24,9,24,9.4
299,Running,2018-05-05,Kansas City Running,3.19,285,00:25:28,171,186,172,180,7:59,7:04,105,94,1.17,00:25:26,00:25:39,830,953,61,72,0,2018,05,123,7:59,7,59,7.983333333333333
300,Running,2018-05-02,Shawnee Running,4.01,374,00:35:44,169,184,166,178,8:55,6:49,109,122,1.08,00:34:58,00:39:12,780,909,81,62,16,2018,05,129,8:55,8,55,8.916666666666666
301,Running,2018-04-30,Shawnee Running,4.01,391,00:35:23,166,184,164,178,8:50,0:29,114,124,1.11,00:35:23,00:39:40,780,904,81,32,28,2018,04,124,8:50,8,50,8.833333333333334
302,Running,2018-04-27,Shawnee Running,4.0,389,00:34:56,165,189,164,180,8:44,6:52,106,133,1.12,00:34:53,00:38:45,780,904,73,25,14,2018,04,124,8:44,8,44,8.733333333333333
303,Running,2018-04-23,Shawnee Running,5.01,500,00:45:33,164,180,166,196,9:05,6:14,102,131,1.07,00:45:30,00:49:37,765,902,75,22,13,2018,04,137,9:05,9,5,9.083333333333334
304,Running,2018-04-20,Shawnee Running,5.0,489,00:43:53,164,185,168,182,8:46,6:44,110,150,1.09,00:43:51,00:46:33,765,906,63,25,13,2018,04,141,8:46,8,46,8.766666666666667
305,Running,2018-04-17,Shawnee Running,4.0,376,00:34:28,161,185,170,186,8:37,6:47,97,117,1.1,00:34:28,00:37:35,780,905,66,40,10,2018,04,125,8:37,8,37,8.616666666666667
306,Running,2018-04-16,Shawnee Running,5.01,468,00:42:43,161,188,170,236,8:32,7:05,98,138,1.11,00:42:42,00:46:16,765,903,50,40,3,2018,04,138,8:32,8,32,8.533333333333333
307,Running,2018-04-10,Shawnee Running,5.0,496,00:43:45,166,194,166,192,8:45,6:45,107,141,1.1,00:43:33,00:49:56,765,905,61,39,16,2018,04,140,8:45,8,45,8.75
308,Running,2018-04-09,Shawnee Running,5.01,494,00:41:59,168,197,170,186,8:23,6:36,108,136,1.12,00:41:59,00:45:59,765,905,46,66,12,2018,04,140,8:23,8,23,8.383333333333333
309,Running,2018-04-04,Shawnee Running,6.0,550,00:50:53,157,184,170,184,8:28,6:44,103,132,1.11,00:50:51,00:54:56,762,907,43,36,12,2018,04,145,8:28,8,28,8.466666666666667
310,Running,2018-03-30,Shawnee Running,5.0,477,00:42:00,163,185,168,192,8:24,6:38,106,140,1.14,00:42:00,00:44:30,765,904,55,38,6,2018,03,139,8:24,8,24,8.4
311,Running,2018-03-27,Shawnee Running,5.01,463,00:41:37,160,190,170,186,8:19,6:35,111,140,1.13,00:41:37,00:44:59,765,906,45,76,12,2018,03,141,8:19,8,19,8.316666666666666
312,Running,2018-03-23,Shawnee Running,4.0,360,00:33:32,157,189,170,188,8:22,6:09,131,134,1.13,00:33:33,00:38:36,780,905,61,55,17,2018,03,125,8:22,8,22,8.366666666666667
313,Running,2018-03-14,Shawnee Running,4.01,401,00:35:09,163,187,166,192,8:46,6:12,116,122,1.1,00:35:08,00:39:20,780,909,64,18,21,2018,03,129,8:46,8,46,8.766666666666667
314,Running,2018-03-12,Shawnee Running,5.01,466,00:44:28,155,182,164,240,8:53,6:52,107,135,1.1,00:44:28,00:46:46,765,905,52,32,8,2018,03,140,8:53,8,53,8.883333333333333
315,Running,2018-03-09,Shawnee Running,5.01,472,00:43:44,160,186,166,182,8:44,6:57,107,135,1.11,00:43:44,00:47:25,765,906,61,31,3,2018,03,141,8:44,8,44,8.733333333333333
316,Running,2018-03-05,Shawnee Running,4.0,354,00:34:21,156,189,168,234,8:35,6:36,126,129,1.12,00:34:12,00:38:01,780,907,54,19,24,2018,03,127,8:35,8,35,8.583333333333334
317,Running,2018-03-02,Shawnee Running,4.0,386,00:34:07,168,191,168,190,8:31,6:31,126,128,1.12,00:34:07,00:39:05,780,906,59,23,20,2018,03,126,8:31,8,31,8.516666666666667
318,Running,2018-02-26,Shawnee Running,4.0,384,00:36:44,159,185,162,182,9:10,3:44,113,120,1.08,00:36:41,00:39:23,780,907,61,22,10,2018,02,127,9:10,9,10,9.166666666666666
319,Running,2018-02-25,Shawnee Running,4.0,386,00:35:44,162,185,166,186,8:56,6:37,117,118,1.09,00:35:44,00:39:12,780,905,50,34,7,2018,02,125,8:56,8,56,8.933333333333334
320,Running,2018-02-13,Shawnee Running,4.0,380,00:34:14,165,192,170,190,8:33,6:27,122,124,1.11,00:34:14,00:40:02,778,913,46,13,13,2018,02,135,8:33,8,33,8.55
321,Running,2018-02-12,Shawnee Running,4.01,418,00:35:50,169,185,166,184,8:57,6:38,120,119,1.08,00:35:44,00:38:46,780,905,36,35,13,2018,02,125,8:57,8,57,8.95
322,Running,2018-01-30,Shawnee Running,4.01,433,00:35:54,168,190,168,184,8:58,6:31,122,118,1.07,00:35:54,00:37:47,781,907,48,32,23,2018,01,126,8:58,8,58,8.966666666666667
323,Running,2018-01-29,Shawnee Running,3.01,270,00:26:30,148,180,166,184,8:49,6:36,98,125,1.1,00:26:30,00:30:21,781,905,30,43,3,2018,01,124,8:49,8,49,8.816666666666666
324,Running,2018-01-09,Shawnee Running,3.02,219,00:25:48,133,165,170,184,8:33,7:08,105,118,1.1,00:25:48,00:29:36,780,905,39,87,13,2018,01,125,8:33,8,33,8.55
325,Running,2017-12-20,Shawnee Running,4.01,355,00:33:48,155,186,170,186,8:26,7:02,99,115,1.12,00:33:48,00:36:00,780,903,41,56,7,2017,12,123,8:26,8,26,8.433333333333334
326,Running,2017-12-15,Shawnee Running,4.0,407,00:35:16,167,182,166,194,8:49,7:05,115,124,1.1,00:35:15,00:37:28,780,905,45,39,14,2017,12,125,8:49,8,49,8.816666666666666
327,Running,2017-12-05,Shawnee Running,4.01,322,00:33:21,148,174,170,186,8:19,6:19,125,124,1.13,00:33:18,00:37:11,780,906,45,24,12,2017,12,126,8:19,8,19,8.316666666666666
328,Running,2017-12-03,Shawnee Running,5.01,476,00:44:33,160,191,164,186,8:54,6:26,115,147,1.1,00:44:33,00:49:27,765,905,70,60,16,2017,12,140,8:54,8,54,8.9
329,Running,2017-12-01,Shawnee Running,4.01,378,00:34:15,164,184,170,234,8:33,6:48,119,118,1.1,00:34:14,00:38:13,779,904,57,36,12,2017,12,125,8:33,8,33,8.55
330,Running,2017-11-27,Shawnee Running,5.01,501,00:44:42,165,184,164,186,8:56,6:42,106,131,1.1,00:44:34,00:48:13,764,903,66,49,16,2017,11,139,8:56,8,56,8.933333333333334
331,Running,2017-11-15,Shawnee Running,3.01,259,00:24:54,156,185,172,236,8:17,6:29,95,132,1.13,00:24:50,00:29:03,781,913,52,50,8,2017,11,132,8:17,8,17,8.283333333333333
332,Running,2017-11-13,Shawnee Running,5.01,371,00:42:19,142,187,172,190,8:27,6:53,103,131,1.11,00:42:19,00:45:09,765,905,50,76,8,2017,11,140,8:27,8,27,8.45
333,Running,2017-11-07,Shawnee Running,5.02,447,00:42:11,164,186,172,198,8:25,5:07,92,131,1.11,00:42:12,00:47:43,765,903,45,57,12,2017,11,138,8:25,8,25,8.416666666666666
334,Running,2017-11-05,Shawnee Running,6.0,576,00:51:55,169,187,172,190,8:39,6:05,127,144,1.09,00:51:53,00:54:01,763,907,52,71,17,2017,11,144,8:39,8,39,8.65
335,Running,2017-10-30,Shawnee Running,4.0,386,00:33:58,170,189,170,184,8:29,6:42,127,131,1.11,00:33:58,00:36:12,779,908,48,37,20,2017,10,129,8:29,8,29,8.483333333333333
336,Running,2017-10-28,Shawnee Running,4.01,368,00:34:26,161,190,170,182,8:35,6:48,116,118,1.11,00:34:26,00:37:52,780,907,48,27,10,2017,10,127,8:35,8,35,8.583333333333334
337,Running,2017-10-25,Shawnee Running,3.01,270,00:25:55,157,189,170,182,8:37,7:05,102,125,1.1,00:25:48,00:28:02,780,905,64,42,5,2017,10,125,8:37,8,37,8.616666666666667
338,Running,2017-10-16,Shawnee Running,5.01,459,00:43:59,163,190,168,186,8:47,6:35,109,151,1.09,00:43:59,00:50:17,762,905,68,40,12,2017,10,143,8:47,8,47,8.783333333333333
339,Running,2017-10-11,Shawnee Running,5.01,463,00:41:53,170,190,170,238,8:22,6:36,124,140,1.13,00:41:53,00:44:29,770,901,63,55,0,2017,10,131,8:22,8,22,8.366666666666667
340,Running,2017-10-08,Shawnee Running,3.66,344,00:30:43,172,189,170,182,8:23,6:34,120,88,1.13,00:30:43,00:31:53,780,903,77,39,7,2017,10,123,8:23,8,23,8.383333333333333
341,Running,2017-09-18,Shawnee Running,4.3,390,00:37:18,166,188,168,182,8:40,6:28,108,136,1.1,00:37:18,00:42:11,773,905,73,78,10,2017,09,132,8:40,8,40,8.666666666666666
342,Running,2017-09-12,Shawnee Running,5.01,461,00:44:28,167,189,170,182,8:52,6:59,96,132,1.07,00:44:28,00:48:34,765,905,75,41,10,2017,09,140,8:52,8,52,8.866666666666667
343,Running,2017-09-06,Shawnee Running,3.01,264,00:26:08,162,180,170,186,8:41,7:01,92,115,1.09,00:26:03,00:27:54,780,904,72,41,10,2017,09,124,8:41,8,41,8.683333333333334
344,Running,2017-09-04,Shawnee Running,4.02,403,00:37:42,169,189,166,180,9:23,7:32,109,123,1.04,00:37:37,00:39:56,780,910,86,59,13,2017,09,130,9:23,9,23,9.383333333333333
345,Running,2017-09-01,Shawnee Running,10.01,956,01:31:49,167,183,170,190,9:11,7:22,205,230,1.03,01:31:49,01:38:37,757,905,79,51,0,2017,09,148,9:11,9,11,9.183333333333334
346,Running,2017-08-30,Shawnee Running,6.68,644,01:00:04,168,188,170,188,9:00,7:20,169,180,1.05,01:00:04,01:03:36,761,905,82,48,9,2017,08,144,9:00,9,0,9.0
347,Running,2017-08-28,Shawnee Running,6.01,562,00:53:16,167,184,170,182,8:52,7:27,141,149,1.06,00:53:07,00:57:54,761,903,79,51,10,2017,08,142,8:52,8,52,8.866666666666667
348,Running,2017-08-25,Shawnee Running,10.01,951,01:34:51,165,184,166,186,9:29,7:20,192,211,1.02,01:34:51,01:40:25,758,903,81,51,13,2017,08,145,9:29,9,29,9.483333333333333
349,Running,2017-08-23,Shawnee Running,6.01,587,00:54:47,168,187,170,178,9:07,7:22,112,139,1.04,00:54:43,00:57:40,762,905,81,42,6,2017,08,143,9:07,9,7,9.116666666666667
350,Running,2017-08-22,Shawnee Running,6.01,589,00:55:41,166,183,166,180,9:16,7:17,161,189,1.04,00:55:37,01:01:33,762,902,79,61,13,2017,08,140,9:16,9,16,9.266666666666667
351,Running,2017-08-16,Shawnee Running,3.0,259,00:25:37,159,185,170,188,8:32,6:42,87,133,1.11,00:25:36,00:28:39,780,925,77,94,5,2017,08,145,8:32,8,32,8.533333333333333
352,Running,2017-08-14,Shawnee Running,4.0,376,00:37:19,161,180,166,176,9:19,6:56,120,123,1.04,00:37:19,00:41:41,780,906,84,66,8,2017,08,126,9:19,9,19,9.316666666666666
353,Running,2017-08-10,Shawnee Running,4.34,405,00:40:04,161,180,168,178,9:14,7:05,101,133,1.04,00:40:04,00:42:47,773,906,84,62,0,2017,08,133,9:14,9,14,9.233333333333333
354,Running,2017-08-09,Shawnee Running,9.0,865,01:22:08,167,194,168,238,9:07,6:54,148,179,1.05,01:22:09,01:24:46,759,905,79,65,7,2017,08,146,9:07,9,7,9.116666666666667
355,Running,2017-08-07,Shawnee Running,6.01,566,00:53:30,167,184,168,180,8:54,6:49,107,142,1.07,00:53:30,00:56:29,762,905,77,65,8,2017,08,143,8:54,8,54,8.9
356,Running,2017-08-04,Shawnee Running,9.01,855,01:22:14,166,185,168,180,9:08,7:10,193,220,1.05,01:22:12,01:28:04,758,905,75,44,3,2017,08,147,9:08,9,8,9.133333333333333
357,Running,2017-08-02,Shawnee Running,5.02,474,00:45:42,164,185,168,182,9:06,7:07,100,142,1.06,00:45:39,00:51:55,765,905,86,46,5,2017,08,140,9:06,9,6,9.1
